timestamp,sensor_data,llm_description
2025-07-22 13:32:43.795483,"{""src_port"": 8080, ""dst_port"": 43791, ""packet_size"": 908, ""duration_ms"": 466, ""protocol"": ""UDP""}","<think>
Okay, so I'm trying to figure out what's going on with this sensor reading. The data given is a JSON object with several fields: src_port, dst_port, packet_size, duration_ms, and protocol. The values are 8080, 43791, 908, 466, and ""UDP"" respectively. 

First, I need to understand each of these fields. The source port is 8080, which I know is commonly used for web services, maybe alternative HTTP. The destination port is 43791, which seems higher and less common. Packet size is 908 bytes, which is a bit large for UDP, as UDP typically has smaller packets. The duration is 466 milliseconds, which doesn't immediately stand out to me, but I'm not sure what's normal for this context. The protocol is UDP, which is connectionless and often used for streaming or real-time applications.

Now, I'm supposed to identify if there's an anomaly here. Let me think about each part. The source port being 8080 is standard, so that's probably fine. The destination port is high, but ports can go up to 65535, so that's not necessarily an issue. The packet size of 908 bytes is within the maximum for UDP, which is around 65535 bytes, but it's on the larger side. Maybe that's a red flag because larger packets can cause fragmentation or congestion.

The duration of 466 ms might be a bit long, but without knowing the usual traffic patterns, it's hard to say. The protocol being UDP is normal for certain applications, but it's also often used in DDoS attacks or for tunneling unauthorized data.

Putting this together, the larger packet size and the high destination port might indicate something unusual. Maybe it's a sign of unauthorized access or someone trying to tunnel data. Alternatively, it could be a misconfiguration in an application expecting smaller packets. I'm not entirely sure, but these points make me think there's something worth investigating here.
</think>

The sensor reading indicates a potential anomaly due to the larger packet size of 908 bytes and the high destination port 43791. These factors could suggest unauthorized access or data tunneling. It's advisable to investigate further to determine if this traffic is expected or indicative of a security issue."
2025-07-22 13:33:00.644524,"{""src_port"": 80, ""dst_port"": 59386, ""packet_size"": 1364, ""duration_ms"": 485, ""protocol"": ""TCP""}","<think>
Okay, so I'm trying to figure out what's going on with this sensor reading. Let me break it down step by step. The reading has a source port of 80, which I know is typically used for HTTP traffic. Destination port 59386 is a high number, which probably means it's a temporary port assigned by the client, maybe for a download or something. The packet size is 1364 bytes, which is a bit large but not unheard of. The duration is 485 milliseconds, which seems a bit long, but again, not necessarily alarming on its own.

Hmm, so putting this together, the source port being 80 makes me think it's a web server responding to a request. But why is the packet size and duration higher than usual? Maybe the server is sending a large file or a lot of data. But could there be something more sinister going on? I've heard about DDoS attacks using TCP floods, where a lot of traffic is sent to overwhelm a server. The high packet size and longer duration might indicate that the server is handling more data than usual, which could be a sign of such an attack.

Wait, but it's just one packet. Maybe it's not an attack but just a legitimate large file transfer. How can I tell the difference? I guess I'd need more context, like whether there are multiple such packets in a short span or if the traffic pattern is unusual. If it's a single large packet, it might just be a big file. But if there are many such packets, it could be part of a flood attack.

Another thought: maybe it's a sign of a slowloris attack, where the client sends partial requests to keep the server busy. But slowloris usually involves multiple partial requests, not necessarily large packet sizes. So maybe that's not it.

I should also consider if the server is experiencing some kind of malfunction or misconfiguration. Maybe it's sending out larger responses than it should, which could indicate a problem with the server's settings or an application issue.

So, to sum up, the main points are the source port 80, high packet size, and longer duration. The possible causes could be a large file transfer, a DDoS attack like a TCP flood, or a server-side issue. To confirm, I'd need to look at more traffic data and see if this is an isolated event or part of a larger pattern.
</think>

The sensor reading indicates a TCP packet from a web server (source port 80) to a client (destination port 59386). The packet size of 1364 bytes and duration of 485 milliseconds are higher than typical values, suggesting a few potential scenarios:

1. **Large File Transfer**: The server might be sending a large file, which is a normal occurrence for web traffic.

2. **DDoS Attack (TCP Flood)**: The higher packet size and duration could indicate a potential DDoS attack where the server is overwhelmed with traffic.

3. **Server Malfunction**: There might be a server-side issue, such as misconfiguration or an application problem, leading to larger-than-usual responses.

To determine the cause, further analysis of traffic patterns and context is needed. If multiple such packets occur, it could suggest a DDoS attack. If isolated, it might be a legitimate large file transfer or server issue."
2025-07-22 13:33:18.616045,"{""src_port"": 80, ""dst_port"": 64954, ""packet_size"": 1346, ""duration_ms"": 499, ""protocol"": ""UDP""}","<think>
Okay, so I'm trying to figure out what's going on with this sensor reading. The data given is a JSON object with several fields: src_port, dst_port, packet_size, duration_ms, and protocol. Let me break this down step by step.

First, the source port is 80. I know that port 80 is commonly used for HTTP traffic, which is usually TCP. So seeing it as the source port in a UDP packet is a bit unusual. Maybe it's not a big deal, but it's something to note.

Next, the destination port is 64954. That's a high port number, way above the typical range for well-known services. High ports like this are often used for things like peer-to-peer connections or maybe some kind of custom application. It could also be part of a NAT setup, where the router assigns a high port to a device on the local network.

The packet size is 1346 bytes. That's a bit on the larger side for a UDP packet. UDP is often used for streaming or real-time data where smaller packets are more common. A larger packet might indicate something like a file transfer or a data dump, which isn't typical for UDP. It could also mean that the data is being sent in bulk, which might be causing some issues with latency or reliability.

The duration is 499 milliseconds. That's almost half a second, which seems long for a UDP packet. UDP is usually used for applications where speed is more important than reliability, so a longer duration might indicate some kind of delay or bottleneck in the network. Maybe the server is taking too long to respond, or there's congestion somewhere along the path.

The protocol is UDP. As I mentioned earlier, UDP is connectionless and doesn't guarantee delivery. It's often used for things like video streaming, online gaming, or VoIP. But seeing port 80, which is typically HTTP (TCP), using UDP is unusual. It could be a misconfiguration or someone trying to tunnel HTTP traffic over UDP, which isn't standard.

Putting this all together, the main anomalies are the use of port 80 with UDP, the large packet size, and the long duration. Possible causes could be a misconfiguration where a service is incorrectly using UDP instead of TCP on port 80. Alternatively, it might be someone trying to bypass security measures by using a non-standard protocol on a common port. Another possibility is that it's part of a custom application that's not following standard practices, which could be legitimate but might also indicate malicious activity.

I should also consider if this traffic is part of a known service or if it's something unexpected. If the network usually doesn't see UDP traffic on port 80, this could be a sign of an anomaly. It might be worth investigating the source and destination IPs to see if they're known or trusted. Additionally, checking if there are other similar packets could help determine if this is an isolated incident or part of a larger pattern.

In terms of next steps, monitoring the network for more such packets, checking firewall rules to see if UDP on port 80 is allowed, and possibly blocking it if it's not needed could be good measures. Also, reaching out to the network administrator or the service provider to confirm if this traffic is expected might help resolve the issue.
</think>

The sensor reading indicates a UDP packet from port 80 to port 64954, with a size of 1346 bytes and a duration of 499 ms. The anomalies include the use of UDP on port 80 (typically HTTP/TCP), a large packet size, and a long duration. Possible causes are misconfiguration, non-standard application usage, or potential malicious activity. 

**Recommendations:**
1. Investigate the source and destination IPs for trustworthiness.
2. Monitor for similar traffic patterns.
3. Review firewall rules regarding UDP on port 80.
4. Consider blocking unnecessary UDP traffic on port 80.
5. Consult with network administrators to confirm traffic legitimacy."
2025-07-22 13:34:18.250311,"{""src_port"": 8080, ""dst_port"": 2634, ""packet_size"": 1391, ""duration_ms"": 171, ""protocol"": ""UDP""}","<think>
Okay, so I'm trying to figure out what's going on with this sensor reading. Let me break it down step by step. The data given is a JSON object with several fields: src_port, dst_port, packet_size, duration_ms, and protocol. 

First, the source port is 8080. I know that port 8080 is commonly used as a alternative HTTP port, often for web servers or applications that aren't using the standard port 80. It's also sometimes used for testing or development environments. So, seeing traffic on port 8080 isn't unusual by itself, but it depends on the context of the network.

The destination port is 2634. I'm not as familiar with this port. I think it might be used by some specific applications or services, but I'm not sure. Maybe it's something internal or a custom application. I should probably look that up to see if it's associated with any known services or if it's a non-standard port.

The packet size is 1391 bytes. That's a bit on the larger side for a UDP packet. Typically, UDP packets can vary, but larger sizes might indicate something like video streaming, file transfers, or maybe even something like DNS queries, though those are usually smaller. However, 1391 bytes isn't extremely large, so it might not be a cause for concern on its own.

The duration is 171 milliseconds. That seems pretty normal for a network transmission. It's not too long, which might indicate a problem, nor is it unusually short. So, the duration alone doesn't raise any red flags for me.

The protocol is UDP. UDP is a connectionless protocol, which means it's often used for real-time applications where speed is more important than reliability. Things like online gaming, video streaming, or VoIP use UDP because they can tolerate some packet loss but need low latency. However, UDP can also be used in DDoS attacks because it's easy to spoof source IP addresses.

Putting this all together, the main things that stand out are the destination port 2634 and the packet size. Since I'm not sure what port 2634 is used for, I should check if it's associated with any known services or if it's a non-standard port that might indicate something unusual. If it's not a standard port, it could mean that there's an unknown application or service running on the network.

Another thing to consider is the source port 8080. If this network doesn't typically have services running on port 8080, or if the traffic is unexpected, it might indicate that something is off. Maybe an unauthorized server is running, or there's a misconfiguration.

The packet size being 1391 bytes is a bit large for some applications but could be normal for others, especially if it's part of a data transfer. However, in the context of UDP, larger packets could be part of a flood attack, where an attacker sends a high volume of large packets to overwhelm the network.

I should also think about the duration. 171 ms is within a normal range, but if there are many such packets in a short time, it could indicate a DDoS attack. The assistant mentioned that the packet size and port combination could be used for DDoS, so that's something to consider.

Possible causes could include unauthorized usage, like someone running a server on port 8080 without permission, or maybe a legitimate application that's expected. It could also be a DDoS attack using UDP flood, where the attacker sends a lot of UDP packets to the destination port to overwhelm it.

To investigate further, I would check the network's baseline traffic to see if this kind of traffic is normal. If port 2634 isn't usually used, or if the volume of traffic on port 8080 is higher than expected, that would be a sign of an anomaly. Also, checking if there are multiple packets with similar characteristics in a short period could indicate an attack.

In summary, the key points are the destination port, packet size, and protocol. Each of these factors could contribute to identifying whether this traffic is normal or an anomaly. Without more context, it's hard to say definitively, but these are the areas I would look into to determine the cause.
</think>

The sensor reading indicates a potential anomaly due to the combination of destination port 2634, packet size of 1391 bytes, and the use of the UDP protocol. Here's a structured analysis:

1. **Destination Port (2634):** This port is not commonly associated with standard services, suggesting it might be used by an unknown or custom application, which could indicate unauthorized activity.

2. **Packet Size (1391 bytes):** While not excessively large, this size is notable for UDP, which is often used in real-time applications. It could be part of a data transfer or potentially a flood attack.

3. **Protocol (UDP):** UDP's connectionless nature makes it susceptible to spoofing, often used in DDoS attacks, especially UDP floods aimed at overwhelming the network.

4. **Source Port (8080):** Commonly used for web services, but unexpected traffic here could signal unauthorized servers or misconfigurations.

**Possible Causes:**
- **Unauthorized Usage:** Unknown applications or unauthorized servers running on port 8080.
- **DDoS Attack:** The traffic characteristics could indicate a UDP flood attack targeting port 2634.

**Recommendations:**
- **Investigate Port Usage:** Check if port 2634 is associated with any known services or if it's unexpected.
- **Monitor Traffic Volume:** Assess if there's an unusual volume of similar packets, which could suggest an attack.
- **Baseline Comparison:** Compare current traffic patterns with historical data to identify deviations.

In conclusion, while the traffic may be legitimate, the combination of factors warrants further investigation to rule out potential security threats."
2025-07-22 13:34:37.546160,"{""src_port"": 9999, ""dst_port"": 61448, ""packet_size"": 1376, ""duration_ms"": 73, ""protocol"": ""TCP""}","<think>
Okay, so I'm trying to figure out what kind of anomaly this sensor reading might indicate. The data given is a TCP packet with source port 9999, destination port 61448, a packet size of 1376 bytes, and a duration of 73 milliseconds. 

First, I need to understand what each of these fields means. The source port is 9999, which I know is a higher port number, often used by services or applications rather than system ports which are lower. The destination port is 61448, which is also a high number, probably assigned dynamically by the system. The packet size is 1376 bytes, which is a bit large but not unusually so. The duration is 73 ms, which seems normal for a network packet.

I'm thinking about possible anomalies. One common issue could be a port scanning attempt. Attackers often use port scans to identify open ports on a system. They might send packets to various ports to see if there's a response. If the source port is 9999, maybe it's part of a scan. But I'm not sure if this single packet is enough to indicate a scan; usually, scans involve multiple packets to different ports.

Another possibility is a denial-of-service (DoS) attack. DoS attacks often involve sending a large number of packets to overwhelm the system. However, the packet size here is 1376 bytes, which isn't particularly large, and a single packet wouldn't be enough for a DoS. Maybe if there were many such packets, but with just one, it's hard to say.

It could also be a data exfiltration attempt. If data is being sent out, especially in larger packets, it might be transferring sensitive information. But 1376 bytes isn't that big, and without knowing the context of the data, it's hard to confirm.

Maybe it's just unusual traffic. The ports used here are non-standard, so if the network doesn't usually see traffic on these ports, it could be something worth investigating. It might be a new service or application, or it could be malicious.

I should also consider network misconfiguration. Perhaps the packet is using the wrong port, leading to unexpected behavior. Or maybe it's a sign of a connection issue, like a timeout or reset.

I'm not entirely sure, but I think the most likely possibilities are either a port scan, unusual traffic, or maybe the start of a connection that's not standard. I should probably look into whether these ports are typically used, check if there are more packets in a sequence, and see if other sensors have flagged similar activity.
</think>

The sensor reading indicates a TCP packet with specific characteristics that could suggest a potential anomaly. Here's a structured analysis:

1. **Source Port (9999)**: This is a higher port number, often used by applications or services rather than system ports. It could be part of a port scanning attempt, where an attacker tests multiple ports to find open ones.

2. **Destination Port (61448)**: A dynamically assigned high port, which is common but could be part of a scanning activity if seen across multiple packets.

3. **Packet Size (1376 bytes)**: While not unusually large, it's worth noting in the context of other factors.

4. **Duration (73 ms)**: Normal for a network packet, not indicative of an anomaly on its own.

**Possible Anomalies**:
- **Port Scanning**: A single packet might not confirm this, but multiple similar packets to different ports could.
- **Unusual Traffic**: The use of non-standard ports warrants investigation, especially if not typical for the network.
- **Data Exfiltration**: Less likely due to the packet size, but context matters.
- **Network Misconfiguration**: Could indicate a service issue or connection problem.

**Recommendations**:
- Investigate if these ports are standard for the network.
- Check for additional packets in a sequence.
- Review other sensors for similar activity to confirm a potential issue.

In conclusion, while the packet itself isn't definitively anomalous, it's worth further investigation to rule out potential security or network issues."
2025-07-22 13:35:00.204519,"{""src_port"": 8080, ""dst_port"": 54181, ""packet_size"": 658, ""duration_ms"": 56, ""protocol"": ""UDP""}","<think>
Okay, so I'm trying to figure out what's going on with this sensor reading. The data given is a JSON object with several fields: src_port, dst_port, packet_size, duration_ms, and protocol. The values are 8080, 54181, 658, 56, and ""UDP"" respectively. 

First, I need to understand each of these fields. The source port is 8080, which I know is commonly used for web services, maybe alternative HTTP. The destination port is 54181, which is a higher number, so it's probably an ephemeral port used by the client. The packet size is 658 bytes, which isn't too big, but not super small either. The duration is 56 milliseconds, which seems pretty quick. The protocol is UDP, which is connectionless and often used for real-time applications or things like DNS queries.

Now, the task is to label and explain any anomalies here. So, I should think about what's normal and what might be odd. Let's break it down.

Source port 8080: As I thought, it's a known port for HTTP alternate. So if this is a web server, that's normal. But if it's something else unexpected, maybe it's odd. But without context, it's hard to say.

Destination port 54181: Ephemeral ports are usually in the high range, so that's normal for a client initiating a connection.

Packet size 658: That's within typical ranges. Not too big, so maybe it's a small data transfer, which is normal for UDP since it's often used for small, quick packets.

Duration of 56ms: That's a very short duration. UDP is fast, but 56ms could indicate a quick exchange. Maybe a DNS query or a heartbeat. But could it be too short? Maybe if it's part of a larger communication, a single packet might be normal, but if it's a standalone, maybe it's a probe or something.

Protocol UDP: As mentioned, it's connectionless. So if this is expected traffic, like a DNS query or a VoIP packet, it's normal. But if it's unexpected, maybe it's an anomaly.

Putting it all together, the main thing that stands out is the destination port being ephemeral. But that's normal for clients. The packet size and duration are within normal ranges. So maybe the anomaly isn't in the technical details but in the context. For example, if UDP traffic on port 8080 isn't expected, that could be an issue. Or if the source or destination IP (not provided here) is suspicious.

Another angle is the packet size. 658 bytes could be a payload that's just right for certain attacks, like a buffer overflow or something, but without knowing the content, it's hard to say.

The duration being 56ms might indicate a quick probe, like a port scan. UDP scans often send packets to see if a port is open. Since UDP doesn't have a handshake, a short duration could mean it's just a single packet to test something.

So possible causes could be:

1. **Port Scanning:** Someone testing if port 8080 is open using UDP. The short duration and packet size might indicate a scan rather than legitimate traffic.

2. **DDoS Traffic:** If there's a sudden spike in such packets, it could be part of a DDoS attack. But with just one packet, it's hard to tell.

3. **Malicious Activity:** Maybe an attempt to send malicious data, but again, without content, it's speculative.

4. **Misconfiguration:** Maybe a service is misconfigured to use UDP on 8080 when it shouldn't, causing unexpected traffic.

In conclusion, the main anomaly is the use of UDP on port 8080, which might not be standard, and the short duration could suggest a probe or scan. The packet size is moderate, so it's not too alarming on its own. The destination port being ephemeral is normal, so that's not the issue. The key here is the protocol and port combination, which might not be expected in this context.
</think>

The sensor reading indicates a potential anomaly due to the use of UDP on port 8080, which may not be standard for typical services. The short duration of 56ms suggests it could be a probe or scan. Possible causes include port scanning, DDoS traffic, malicious activity, or a misconfiguration. Further investigation into the context and source/destination IPs is recommended to determine the nature of the traffic."
